year,revenue,revenue_growth,ebit_margin,ebit,tax_on_ebit,nopat,depreciation_amortization,capex,change_nwc,unlevered_fcf,discount_factor,pv_fcf
2025,70784.0,0.12,0.092,6512.128,1341.4983679999998,5170.629632,2265.088,3539.2000000000003,151.68,3744.8376319999998,0.9216589861751152,3451.463255299539
2026,77862.40000000001,0.1,0.095,7396.928000000001,1523.767168,5873.1608320000005,2413.7344000000003,3737.3952000000004,127.41120000000015,4422.0888319999995,0.8494552867973413,3756.3667370298795
2027,84091.39200000002,0.08,0.097,8156.865024000002,1680.3141949440005,6476.550829056002,2522.7417600000003,3868.204032000001,99.66387200000021,5031.424685056,0.7829080984307294,3939.143132574625
2028,89136.87552000003,0.06,0.098,8735.413800960003,1799.4952429977604,6935.918557962243,2674.106265600001,4011.159398400001,75.68225280000013,5523.183172362243,0.7215742842679533,3985.3869444780894
2029,93593.71929600004,0.05,0.1,9359.371929600004,1928.0306174976006,7431.341312102403,2807.811578880001,4211.717368320002,66.85265664000013,5960.582866022402,0.6650454232884362,3964.0583551796685
